word,entity
Wild cabbage,ingredient
Tomato,ingredient
Salt,ingredient
Margarine,ingredient
Whiting,ingredient
Beef,ingredient
octopus,ingredient
Pork,ingredient
Conchiglie,food
Gelato,food
Fettuccine,food
Lasagne,food
Spaghetti,food
Couscous,food
Soup,food
Salad,food
Dried and salted cod,ingredient
Milk,product
Roundy's,organization
Schnucks,organization
Mozzarella,ingredient
Publix,organization
Entenmann's,organization
Cheese,product
Springfield,organization
Date palm,ingredient
Sunsweet Growers Inc.,organization
Puffers,ingredient
Crouton,food
Chicken,ingredient
Pistachio,food
Grupo Herdez,organization
Cadbury,organization
"Furman Foods, Inc.",organization
Bagels,food
Burrito,food
Welch's,organization
Shortening,product
Egg,food
Wrap,food
"Stroehmann Bakeries, L.C.",organization
Skipjack tuna,ingredient
Yuengling's Ice Cream Corp.,organization
Chocolate,food
Pecan nut,ingredient
Ditalini,food
Peach,ingredient
Mustard,ingredient
Cashew,ingredient
Horseradish,ingredient
Shrimp,ingredient
Mackerel,ingredient
Bread,food
Rigatoni,food
Fusilli,food
Anchovy,ingredient
Butter,product
Arugula,ingredient
Walnut,ingredient
Galinsoga,ingredient
Scrapple,food
Sandwiches,food
Croissants,food
Lindt &amp; Sprüngli,organization
Pancakes,food
Flour,food
Granola,food
Hempler Foods Group LLC,organization
Raspberry,ingredient
Gluten,food
Nutkao,organization
Pie,food
Bitter melon,food
Matzos,food
DF World Of Spices GmbH,organization
ShopRite,organization
Kunzler &amp; Company,organization
Rotini,food
Meat,food
"Matlaw's Food Products, Inc.",organization
SeaPak Shrimp &amp; Seafood Company,organization
Flahavan's,organization
Tabatchnick,organization
Voortman Cookies,organization
RiceSelect,organization
Teff,ingredient
Bavette,food
Manicotti,food
Beets,ingredient
Casserol,food
Ravioli,food
Braunschweiger,food
"Eli's Bread (Eli Zabar), Inc.",organization
McCormick Tractors,organization
Strawberry,ingredient
Pear,ingredient
Cereal,food
Pineapple,ingredient
French fries,food
Yogurt,food
Banana,ingredient
Macaroons,food
Hot chocolate,beverage
Cacao tree,ingredient
Litehouse Inc.,organization
Martin's,organization
Pandurata Alimentos Ltda.,organization
"Glutenfreeda Foods, Inc.",organization
"Popcornopolis, Llc",organization
Chai,beverage
Barilla,organization
Mifroma SA,organization
Balocco,organization
Balconi,organization
Streit's,organization
Necco,organization
Tomato purée,ingredient
Cuetara,organization
Hormel,organization
Naan,food
Chimichanga,food
B&amp;G,organization
Tostada,food
Lemonade,beverage
Horchata,beverage
Roots Canada,organization
Barbecue sauce,food
Caper,ingredient
Nairn's Oatcakes Limited,organization
Garlic,food
Tart,food
Crunchyroll,organization
Mariano's,organization
B&amp;G Foods,organization
SunRice,organization
Limburger,ingredient
Pizza,food
Vitarroz,organization
Cucumber,ingredient
Oat,ingredient
Enchilada,food
Macaroon,food
Manischewitz,organization
Sausage,ingredient
Cake,food
Rapeseed,ingredient
Marinara,ingredient
Panda,ingredient
Alessi,organization
Tortiglioni,food
Empresa Baiana de Águas e Saneamento S.A.,organization
Vermicelli,food
Huitlacoche,ingredient
PanaPesca USA Corporation,organization
Wholey's,organization
Salmon,ingredient
Tamarind,ingredient
Galeopsis,ingredient
Naturello Srl,organization
Salada,food
Tilapia,ingredient
Peppers,ingredient
Puffins,ingredient
Vegetable,food
Bufflehead,ingredient
"Marathon Enterprises, Inc.",organization
Rye,food
Snack,food
Buttermilk,beverage
Orzo,food
Paccheri,food
confection,food
Fiori,food
Lactose,ingredient
Croissant,food
Cavatappi,food
Carvel,organization
Greenbriers,ingredient
Sope,food
Rouses,organization
Cider,beverage
Caponata,food
Succotash,food
Artichoke,ingredient
Mushroom,ingredient
Ginger,ingredient
Quesadilla,food
Bruschetta,food
Matzo,food
Kefir,beverage
Pineapples,ingredient
Glaze,food
Pilaf,food
Okra,ingredient
Jackfruit,ingredient
Bulgur,food
Common raven,ingredient
Nopalito,food
Casserole,food
Taboule,food
Buffalo Wild Wings,organization
Pizzetta,food
Curtido,food
Cobbler,food
Spätzle,food
Tagliatelle,food
Fondue,food
Roselle,ingredient
Common fig,ingredient
Worcestershire,ingredient
Fettucelle,food
Macaroni,food
Dodders,ingredient
African,ingredient
Lampris guttatus,ingredient
Danone,organization
pancakes,food
Lamb,ingredient
Burrata,ingredient
Smoothie,beverage
Shortcake,food
Bagel,food
Strawberries,ingredient
Flounder,ingredient
Hickory,ingredient
Stuffing,food
Shanklish,ingredient
Lemon,ingredient
Latte,beverage
Apricot,ingredient
Achiote,food
Hot dog,food
Doughnut,food
Jellies,ingredient
Herbs,ingredient
Bucatini,food
Crab,ingredient
Chicharrón,food
Roast chicken,food
Farfalle,food
Chicken nugget,food
Scampi,food
Fajita,food
Trout,ingredient
Gordita,food
Slushy,beverage
Purée,food
Broccoli,ingredient
Smith's Food and Drug,organization
Tornado potato,food
Xanthosoma sagittifolium,ingredient
Mezzetta,organization
Monini,organization
Ronnybrook Farm Dairy Inc.,organization
Avocado,ingredient
Fuddruckers,organization
Milkshake,beverage
Auricchio,organization
Soursop,ingredient
milk,product
Lavender,ingredient
Vertical,organization
Yamasa,organization
Zevia,organization
Mizkan,organization
Parrots,ingredient
Yamamotoyama,organization
Dulse,food
Cawy Bottling,organization
Bohae,organization
Futaba Corporation,organization
Natillas,food
Pandan,ingredient
Libby's,organization
Fruitcake,food
Stouffer's,organization
Ovaltine,food
Jack's,organization
Tulip,ingredient
Mott's,organization
Mac's Convenience Stores,organization
Snickers,food
Nestlé,organization
Nabisco,organization
Splash,organization
Bison,ingredient
Roquefort,ingredient
Custard,food
Churros,food
Spaghettoni,food
Rootbeer,beverage
Mascarpone,ingredient
Sitos,ingredient
Ceviche,food
Noodle,food
Spam,food
Energy drink,beverage
Cheeseburger,food
Mazapan,food
Clams,ingredient
Collard,ingredient
Pudding,food
Reindeer,ingredient
Cherry,ingredient
Dips,food
Sour,beverage
Ratatouille,food
Sangria,beverage
Sweetbread,food
Currant,ingredient
Taralli,food
Panini,food
Cojoba arborea,ingredient
Delinuts B.V.,organization
Pecan,ingredient
Campanelle,food
Bouillabaisse,food
Onion,ingredient
Tonic water,beverage
Queso,product
Foie gras,food
Chives,ingredient
Tamale,food
Biscuit,food
Ramen,food
Pine,ingredient
Flax,ingredient
Butterkäse,ingredient
Pluot,ingredient
Goji,food
Batter,food
Halibut,ingredient
Snickerdoodle,food
MAC Cosmetics,organization
Watermelon,ingredient
Oysters,ingredient
Oroblanco,ingredient
Meringata,food
Bangers and mash,food
Moe's Southwest Grill,organization
Chocolate chip cookie,food
Chana masala,food
Haricots verts,ingredient
Creamed spinach,food
Spicy Cucumber Salad,food
Boar's Head Provision Company,organization
Beef Stroganoff,food
Dipping tortillas,food
Duck sauce,food
Orange chicken,food
"Pretzels, Inc.",organization
Sockeye salmon,ingredient
Green peas,ingredient
"Hope Foods, LLC",organization
Pizza cheese,ingredient
Frozen bars,food
Beer cheese,ingredient
The Skinny Dip Frozen Yogurt Bar,organization
Frutex Australia Pty Ltd.,organization
Original New York Seltzer,beverage
Tapioca balls,food
Sausage gravy,food
Texas toast,food
La Salsa,organization
Rose fish,ingredient
cheese tortellini,food
Pizza dough,food
Clam chowder,food
Bagels onion,food
Stacy's Pita Chips,organization
Smoked Gouda,ingredient
Smoked Mozzarella,ingredient
Fontina,ingredient
Chia seed,ingredient
Pine nut,ingredient
Hummus,food
Wild turkey,ingredient
Breakfast sandwich,food
Creme brulee,food
Petite Breakfast,ingredient
Brie,ingredient
Sweet tea,beverage
The Fremont Company,organization
Steen's cane syrup,food
Atlantic salmon,ingredient
"Vintage Italia, LLC",organization
Xanthan gum,food
Safflower oil,ingredient
Chocolate chip,food
Ground beef,food
Chicken breast,food
Cookie butter,food
Kidney beans,ingredient
Bostongurka,food
Wet walnuts,food
"Farmhouse Culture, Inc.",organization
Star anise,ingredient
Poppy seed,ingredient
Bean,food
Nutmeg,ingredient
Dill,food
Snack bars,food
"Sheila G Brands, LLC",organization
Hard candy,food
Ranch dressing,food
Lingonberry,ingredient
Red raspberry,ingredient
L&amp;L Hawaiian Barbecue,organization
pineapple juice,beverage
Capsicum annuum var. glabriusculum,ingredient
Chamomile,ingredient
Sam's Club,organization
Chocolate-covered potato chips,food
Lythraceae,ingredient
Chili oil,ingredient
Salsa picante,ingredient
Salsa roja picante,food
Fried eggplant,food
Miso,ingredient
Breakfast burrito,food
Matzo crackers,food
Marshmallow creme,food
Zenzai,food
Nathan's Famous,organization
Pepper jelly,food
Strawberry delight,food
Soy sauce,ingredient
Romesco,food
Rebujito,beverage
Olive salad,ingredient
Guajillo chili,ingredient
European anchovy,ingredient
Peruvian green sauce,ingredient
Pumpkin seed,ingredient
Fruit preserves,food
Brick cheese,ingredient
Tamarind Chutney,food
"Vitasoy USA, Inc.",organization
Butter cookie,food
Shiitake mushrooms,ingredient
Chicken curry,food
Wild rice,ingredient
WinCo Foods,organization
Capocollo,food
Grated parmesan,food
North Pacific hake,ingredient
King crab,ingredient
Cinnamon-rumped seedeater,ingredient
Brussels sprouts,ingredient
Navel Orange,ingredient
Atlantic cod,ingredient
Graham cracker,food
Steamed clams,food
Venchi,organization
Sticky rice in bamboo,food
Rice cake,food
Kalette,ingredient
Kimi's Artisan Gelato Ltd.,organization
Cheese fries,food
White shrimp,ingredient
Enoki mushrooms,ingredient
Chinook salmon,ingredient
Fried squid,food
Baked Ham,food
"Channel Fish Processing Company, Inc.",organization
Chinese broccoli,ingredient
Prunus americana,ingredient
Scrambled eggs,food
Potato pancake,food
Citrus,ingredient
Garlic powder,ingredient
Salt onion,food
Annatto,food
Straightneck squash,ingredient
Peruvian groundcherry,ingredient
Hazelnut butter,food
White trevally,ingredient
Ribeye steak,food
Chocolate-coated peanut,food
Beef bourguignon,food
Cotija cheese,ingredient
Fried cheese,food
Pimento cheese,ingredient
Nabulsi cheese,ingredient
"ASAHI ORGANIC CHEMICALS INDUSTRY CO.,LTD",organization
Twarog cheese,product
Cheese curd,ingredient
Marble cheese,ingredient
Oaxaca cheese,ingredient
World cheddar,product
Yuvarlakia,food
Tamarillo,ingredient
Head cheese,food
Greater flamingo,ingredient
Ancient Organics,organization
Cacao Nibs,food
Pecan pie,food
Chocolate milk,beverage
Apple crumble,food
milkfat milk,product
La Molisana,organization
Rustic Crust Inc.,organization
Original Jerky Company Limited,organization
Cream pie,food
"Racine Danish Kringles, Inc.",organization
Cashew butter,food
Flavored milk,food
Italian tomato pie,food
Organic milk,food
apple pie,food
Gelato bars,food
Strawberry pie,food
"Fruit Fillings, Inc.",organization
Dosa,food
Alphabet pasta,food
Pappardelle,food
Breakfast muffin,food
Pops bar,food
Peanut butter,ingredient
cow's milk,product
Penne,food
Porcini mushroom,ingredient
Italian soda,beverage
Traditional tortillas,ingredient
Fishcake,food
Kaiser roll,food
marinara sauce,ingredient
Lentil soup,food
Chum salmon,ingredient
Couscous italiano,food
Macaroni and cheese,food
Pickled eggs,food
Tortilla soup,food
Cobb salad,food
Galette-saucisse,food
Popeyes,organization
English muffin,food
Had salad,food
Chub mackerel,ingredient
Smoked bratwurst,food
Tomatillo,ingredient
Palak paneer,food
Spicy garlic fried chicken,food
Creekstone Farms Premium Beef,organization
Vitamin candy,food
Corn snack,food
Potato chip,food
Robeks,organization
Tea beverage,beverage
Caprese salad,food
Piña colada,beverage
Mongolian beef,food
Peanut candy,food
Cheese puffs,food
Italiano gelato,food
Stuffed peppers,food
Apple drink,beverage
Mustard green,ingredient
Buffalo Club,organization
Fast food,food
Gelatin dessert,food
Tamale pie,food
Chinese ground orchid,ingredient
New Frontier Foods Inc.,organization
Powder drink,beverage
Paneer makhani,food
Vegetable soup,food
Salmon salad,ingredient
Curd,ingredient
Kombucha tea,beverage
Green coffee,beverage
ground beef,food
Taco salad,food
Celery,ingredient
Tiramisu cake,food
Soft drink,beverage
"F&amp;S Produce Company, Inc.",organization
Bell pepper,ingredient
Small bread,food
"American Vegetable Soybean &amp; Edamame, Inc.",organization
Productora de Jugos SA,organization
Malt drink,beverage
Cassava,ingredient
Farmington Fresh LLC,organization
Papaya Juice,food
Love Kombucha Limited,organization
Lyreleaf greeneyes,ingredient
"Grimmway Enterprises, Inc.",organization
Sahba Factory for Liquid Eggs Co. Ltd.,organization
Edible mushroom,food
Bean dip,food
Traditional beans,ingredient
Bread crumbs,food
Safflower,ingredient
Instant coffee,beverage
Añejo cheese,ingredient
Bagel and cream cheese,food
Oatmeal Cookie,food
Trail mix,food
Sour Cherry,ingredient
"LIVE Soda, LLC",organization
Strafford Organic Creamery,organization
Creme soda!,beverage
Smarties Candy Company,organization
Goat cheese,ingredient
Milk beverage,beverage
Cola champagne,beverage
Birch beer,beverage
Apple pommes,food
Bitter lemon,beverage
Rollatini,food
Yerba mate,ingredient
Buffalo dressing,food
Aloo mutter,food
Sweetened sucre,product
Mint sauce,food
"Simply Delicious, Inc.",organization
Sugar juice,beverage
Almond,ingredient
Soy milk,beverage
juice pineapple,beverage
Coffee milk,beverage
Thai tea,beverage
Oolong tea,beverage
Jasmine tea,beverage
Barley tea,beverage
HeySong Corporation,organization
"Solbern, LLC",organization
Root beer!,beverage
Mustard seed,food
Malted milk,food
Domino's Pizza,organization
Chicken fingers,food
Solanum bahamense,ingredient
Pumpernickel bread,food
Jiàng,food
Pastel azteca,food
Mint,food
Luo Han Guo,ingredient
Beecher's Handmade Cheese,organization
Caesar romaine,food
Fruit cup,beverage
Grape drink,beverage
Cottage cheese,ingredient
White pita,food
Corn kernel,food
Rib steak,food
ginger beer,beverage
Chai masala,beverage
Oatmeal raisin cookie,food
"Veggie Noodle Co., LLC",organization
Tabbouleh salad,food
Aloe vera,ingredient
Mallard,ingredient
Delighted By Hummus LLC,organization
Powder beverage,beverage
Croutons caesar,food
Light soda,beverage
Vienna Beef,organization
Coconut coco,ingredient
Animal jellies,ingredient
Broccoli soup,food
"Pearl River Pastry, LLC",organization
Bitter orange,ingredient
Champagne,beverage
Drinking water,food
Aguas frescas,beverage
Escolar,ingredient
Carrot chip,food
Long Island iced tea,beverage
Baked tostadas,ingredient
Dill paste,food
Piave cheese,ingredient
"Mcconnell's Preferred Investment, LLC",organization
Rice,ingredient
Wild leek,ingredient
Pad thai,food
Lemongrass,ingredient
Mama Juana,beverage
Honey garlic sauce,food
MOD Pizza LLC,organization
semolina shells,food
Holy Basil,ingredient
Alfalfa,ingredient
Chile relleno,food
Red junglefowl,ingredient
Dairy Queen,organization
Grape,ingredient
Kashk,food
Oyster sauce,ingredient
Calabrian Stuffed Eggplant,food
Buffalo wings,food
Starburst strawberry,beverage
Caraway,ingredient
Wheat,ingredient
Garlic Jim's Famous Gourmet Pizza,organization
Black truffle,ingredient
Tortilla chip,food
Caramelle candies,food
Zen Monkey LLC,organization
Half sour pickles,food
Lemon chicken,food
Halal snack pack,food
Chinese mustard,ingredient
Irish Cheddar,ingredient
Aranciata,beverage
Chori burger,food
Cassava flour,food
Barbecue chicken,food
Jamón serrano,food
Hickory Farms,organization
Stir-fried tomato and scrambled eggs,food
Haricot vert,ingredient
Phaseolus Ltd,organization
Blackcurrant,ingredient
Flour corn,ingredient
Beefsteak plant,ingredient
Shrimp raw,ingredient
Ocean sunfish,ingredient
Strawberry rhubarb,food
Pico de gallo,food
"Fairport Beverage Company, LLC",organization
Chili powder,ingredient
"Artisanal Premium Cheese, LLC",organization
Italian snack,food
As Nature Intended Limited,organization
Goat Feta,ingredient
Cane juice,beverage
Apple,ingredient
Corn pudding,food
Five Counties cheese,ingredient
"Buddy Squirrel, LLC",organization
Delicata squash,ingredient
Sicilian pizza,food
Meat pies,food
Red Leicester,ingredient
Tiramis savoiardi,food
Sage Derby,ingredient
See's Candies,organization
Nim’s Fruit Crisps,organization
Wild non,ingredient
Spaghetti product,food
Red Robin,organization
corn oil,ingredient
Hosmer Mountain Soda,organization
"apple pie""",food
Rapini,ingredient
Five-flavor berry,ingredient
italian bread,food
Red velvet cake,food
Smoothie King,organization
Milk powder,product
Yangnyeom-chikin,food
Vegetarian hot dog,food
Cinnamon cola,beverage
Almond butter,food
Dolcelatte,ingredient
White sweetclover,ingredient
Oyster mushrooms,ingredient
Himalayan salt,food
Ghirardelli Chocolate Company,organization
Wild strawberry,ingredient
Bagel crunch,food
Organic water,ingredient
cake tiramisu,food
Muesli,food
Evergreen huckleberry,ingredient
Oregon Potato Co.,organization
Chai kombucha,beverage
Chicken and dumplings,food
Raspberry vinegar,beverage
Rolled oats,food
Wonderful Pistachios &amp; Almonds LLC,organization
Instant mashed potatoes,food
Fried onion,food
Pure baking soda,ingredient
"Brazi Bites, LLC",organization
Large butter beans,ingredient
Chili con carne,food
Chai black tea,beverage
Sweet iced tea,beverage
Cream cheese,ingredient
Back to Nature Foods Company,organization
Paella,food
Traditional refried beans,ingredient
Classic marinara sauce,ingredient
Small early peas,ingredient
Whole small potatoes,food
Whole-wheat flour,food
Black chili beans,ingredient
Crispy fried chicken,food
Farmers' Fresh Mushrooms Inc.,organization
Instant dry milk,product
Asian vegetable rice,ingredient
Bob Evans Restaurants,organization
Active dry yeast,ingredient
Amy's Kitchen,organization
Kellogg's,organization
Enriched white bread,food
"Shenandoah Mills, Inc.",organization
Dark kidney beans,ingredient
Southern Cone Marigold,ingredient
Joseph's Gourmet Pasta Company,organization
Klondike Cheese Co.,organization
Hash browns,food
Velveeta Shells &amp; Cheese,food
Chicken soup base,food
Seaboard Foods LP,organization
Red chili sauce,ingredient
Vermont Creamery,organization
French toast,food
Green leaf lettuce,ingredient
Spaghetti aglio e olio,food
Crushed red pepper,food
Asiago cheese,ingredient
Pocket pita bread,food
Potato salad,food
Fasolada,food
Garden vegetable wraps,ingredient
Dutch apple pie,food
Enriched spaghetti product,food
Crispbread,food
Mint chocolate chip,food
Sourdough english muffins,food
Relish,food
Salt water taffy,food
Pan de queso,food
"G. Willi-Food International,  Ltd.",organization
Boxfresh Organics Limited,organization
Sauce,ingredient
Arrabbiata sauce,food
Pumpkin pie filling,food
Scampi seafood sauce,ingredient
Cauliflower cheese,food
The Bakery Cos.,organization
Raspberry cane sugar,beverage
Bourbon pecan pie,food
Bulgogi,food
Rye seeded bread,food
Energy bar,food
Spaghetti and meatballs,food
Rice vermicelli with fried tofu and shrimp paste,food
Hainanese chicken rice,food
Peanut butter cookie,food
The Coffee Bean &amp; Tea Leaf,organization
White dipping cheese,food
Pizza Hut,organization
Stuffed artichoke,food
"Paisley Farm, Inc.",organization
Chili sauce hot,ingredient
General Tso's chicken,food
"Prosperity Organic Foods, Inc.",organization
Sardine,ingredient
Golden Corral,organization
Lemon meringue pie,food
Key lime pie,food
Natural green tea,beverage
Smoked vienna sausage,food
Cream of mushroom soup,food
Sugar cookie,food
Mikesell's,organization
Better Made Potato Chips,organization
Garlic cheddar cheese,product
"Del Sol Food Company, Inc.",organization
Tortilla soup base,food
French pie biscuit,food
Juice,beverage
Ruby chocolate,food
Kool-Aid,beverage
S super cola,ingredient
Red cream soda,beverage
Panda Express,organization
Heineken Malaysia Berhad,organization
Chicago-style pizza,food
Lattice apple pie,food
Jiaozi,food
K o pickles,ingredient
Pasta Prima,organization
Banana cream pie,food
Chocolate pecan pie,food
Meal replacement,food
Shami kebab,food
Lactic fermented beverage,product
Schwebel Baking Company,organization
Original vienna sausage,food
Natural smoked bratwurst,food
Creamed corn,food
Turtle Island Foods,organization
Blue corn,ingredient
Salad dressing,ingredient
Newman's Own,organization
Picante style mild,food
Bean with bacon,ingredient
Burger King sliders,food
"Carla's Pasta, Inc.",organization
Machu Picchu Foods S.A.C.,organization
Crab louie salad,food
Tamari soy sauce,ingredient
Beyond Meat,organization
Town of Monaghan Co-operative Agricultural &amp; Dairy Society Ltd.,organization
Caesar salad dressing,food
Beef flank steak,food
"Ocean's Catch, Inc.",organization
Creme brulee dessert,food
French onion soup,food
Bubble tea,beverage
Duck confit,food
Burger King grilled chicken sandwiches,food
Maraschino cherry,food
Horseradish aioli sauce,ingredient
Jack in the Box,organization
Auga Group,organization
Black turtle bean,ingredient
"Firstclass Foods, Inc.",organization
"R. J. Van Drunen &amp; Sons, Inc.",organization
Egg salad,food
J &amp; J Snack Foods,organization
Riverford Organic Farmers,organization
Dan-D Foods,organization
Bolthouse Farms,organization
Instant hot beverage,beverage
Harvest pumpkin pie,food
Handel's Homemade Ice Cream &amp; Yogurt,organization
Classic french bread,food
Boneless chicken wings,food
Fatburger,organization
Yellow fava beans,ingredient
Freshtrop Fruits,organization
Chicken breast filet,food
American cheese,ingredient
Light white bread,food
Roma tomato,ingredient
Barbary fig,ingredient
Maasdam cheese,ingredient
"Humm Kombucha, LLC",organization
Galbi-jjim,food
Chamoyada,beverage
Longan,ingredient
Mais Fruta Indústria e Comércio S.A.,organization
Spondias mombin,ingredient
Leafy green romaine,ingredient
Dijon prepared mustard,food
Rice noodle soup,food
Havarti,ingredient
Black forest cake,food
Cafreal,food
Zilks Foods LLC,organization
Blue Diamond Growers,organization
Fennel,ingredient
Farm Boy,organization
Vegetables for gumbo,food
Stew,food
Meatloaf,food
Clif Bar &amp; Company,organization
Coconut cooking oil,ingredient
Fletchers Group of Bakeries Limited,organization
Planet Organic,organization
Shake Shack,organization
Purple Beverage Company,organization
Barley water,beverage
The Real Italian Ice Cream Company Limited,organization
Parag Milk Foods,organization
Fever-Tree,organization
Caffeine + water,beverage
StarKist,organization
Cream flavored soda,beverage
Ma'amoul,food
Főzelék,food
"Guzman Coffee &amp; Nuts, SL",organization
Passion fruit,ingredient
Fruit tree,ingredient
Ccl Products India,organization
Noodle soup base,food
Flattened rice,food
Meat analogue,food
Golden ginger ale,beverage
"Tillamook Country Smoker, Inc.",organization
ThaiBev,organization
Pepperoni roll,food
Quality Kernels Ltd.,organization
Tzatziki,food
Čakovečki mlinovi,organization
"Saratoga Beverage Group, Inc.",organization
Quince,ingredient
Feta,ingredient
BellaVitano Cheese,ingredient
Purple leaf sand cherry,ingredient
The Stouffer Corporation,organization
Jack and Jill Ice Cream,organization
Buffalo wing popcorn,food
Marionberry,ingredient
Bulkie roll,food
Frozen sorbet bars,food
"Pompeian, Inc.",organization
Candy seeds confection,food
Cotton candy,food
Kama,food
Wegmans,organization
Hiball Inc,organization
"S&amp;W Fine Foods, Inc",organization
White pita bread,food
English muffins sourdough,food
Vietnamese coriander,ingredient
Yellow curry,food
Jasmine cooked rice,ingredient
McAlister's Deli,organization
Hangyo Ice Creams Private Ltd.,organization
Elbow macaroni pasta,food
Royal Chocolates NV,organization
Unsweetened pineapple juice,beverage
Boulder Brands,organization
Ice cream roll,food
Yacón syrup,food
String cheese,ingredient
Sourdough enriched bread,food
Southern pecan pie,food
Omaha Steaks,organization
Coffee,beverage
Lemon-lime drink,beverage
Charlie's,organization
River Ranch Fresh Foods,organization
Risotto,food
Splash Premium Cocktail Mixers,organization
Pickled fruit,food
Food coloring,food
Root Vegetables,food
Recado rojo,food
Herbal tea beverage,beverage
Whole cow milk,product
Cement mixer,beverage
Pomegranate,ingredient
Old fashioned,beverage
Gravenstein,ingredient
BevMo!,organization
Japanese knotweed,ingredient
Pinto chili beans,ingredient
Brinker International,organization
English muffin plain,food
Granulated instant coffee,beverage
Hazelnut,ingredient
"Magic Seasoning Blends, Inc.",organization
Cheesesteak,food
Coriander,ingredient
Guacamole flavor sauce,food
Datterino Tomato,ingredient
Sourdough english muffin,food
Sultans Limited,organization
Pure baking powder,ingredient
Swiss cheese,ingredient
Multigrain english muffin,food
Solo Foods,organization
Pasteurized apple cider,beverage
Pub cheese,food
Lantmännen Unibake UK Limited,organization
Sour mix,beverage
Tagliatelle egg noodles,food
Baked pumpkin pie,food
Chile con queso,food
India basmati rice,ingredient
Sulla coronaria,ingredient
Family Tradition Foods Inc.,organization
Pekmez,food
Puffed rice cakes,food
Three meat sauce,food
Gochujang hot sauce,ingredient
Pajeon,food
Medium cremosa salsa,food
Bigelow Tea Company,organization
Peach Palm,ingredient
Carbonated coconut water,beverage
Wege of Hanover,organization
Italian small plate,food
Carne asada,food
"MGH Gourmet, Inc.",organization
Bidfood Australia Limited,organization
Green lettuce leaves,ingredient
"Inventure Group, Inc. (The)",organization
Bourbon pecan cake,food
Hottlet Frozen Foods NV,organization
Kanafeh,food
Arroz a la tumbada,food
Basmati aromatic rice,ingredient
Black rice,food
Hog plum,ingredient
Kroger,organization
Ground beef hamburgers,food
AOHATA CORP.,organization
Herve cheese,ingredient
Family white bread,food
Enriched vermicelli product,food
"Private Harvest, Inc.",organization
Fiddes Payne Ltd,organization
"Mamaki of Hawaii, Inc.",organization
Morozoff Ltd.,organization
Rebanadas sweet toast,food
Hot buttered rum,beverage
Cumin,ingredient
Meatless Farm,organization
Hot buffalo wing,food
Cinnamon raisin pecan,food
"RPE, Inc.",organization
Even thinner snacks,food
Peanut brittle peanuts,food
Peeled Snacks,organization
Grupo Bimbo,organization
MARR S.p.A.,organization
La Casera,beverage
"Delta Pride Catfish, Inc.",organization
Mandarin orange,ingredient
Gin and tonic,beverage
Sprouted mung beans,ingredient
Masala chai latte,beverage
Pound loaf cake,food
Bucatini enriched macaroni,food
Sunflower seed,ingredient
Galletas Gullón,organization
Majestic Wine,organization
Seasoning,food
Stevia,food
Blackberry,ingredient
Target Corporation,organization
"Melissa's/World Variety Produce, Inc.",organization
Meijer,organization
Rotelle,food
Honeycrisp,ingredient
Chanterelles,ingredient
Baguette,food
Bisque,food
Holland American Food Co. Inc.,organization
"Idahoan Foods, LLC",organization
Liquorice,ingredient
Clupeidae,ingredient
Açaí palm,ingredient
Spaghettini,food
Terana,ingredient
"Biazzo Dairy Products, Inc.",organization
Ahold,organization
Dieffenbach's rail,ingredient
Jays,ingredient
QFC,organization
Cavatelli,food
Pennoni,food
Kikkoman,organization
Mushrooms,ingredient
Squid,food
Mango,organization
Sundae,food
Provolone,ingredient
Linguine,food
Potato,ingredient
Tortelloni,food
Tortellini,food
Spinach,ingredient
Cheddar cheese,ingredient
Mousse,food
Muenster cheese,ingredient
Rosemary,ingredient
Galeries Lafayette,organization
Gingerbread,food
Camembert,ingredient
Eucalyptus,ingredient
Savory,ingredient
Mustards,ingredient
Sage,ingredient
Trappey's Hot Sauce,organization
Mint,ingredient
Enriched,food
Hominy,food
Sushi,food
Nongshim,organization
Pozole,food
Lychee,ingredient
Tuna,ingredient
Tapioca,food
Chipotle Mexican Grill,organization
Kaldereta,food
Nando's,organization
Fat,food
Peregrine falcon,ingredient
Kombu,beverage
Panko,food
Wheat gluten,food
Dolma,food
Bell's Brewery,organization
Currys,organization
Xylitol,ingredient
California and Hawaiian Sugar Company,organization
Delicioso,ingredient
"Cooksimple, LLC",organization
Johnson Financial Group,organization
Paneer,ingredient
Kimlan Foods,organization
Juusto,product
Strozzapreti,food
Tapenade,food
Freddy's Frozen Custard &amp; Steakburgers,organization
Isernio's Sausage Company,organization
Fisher,ingredient
Haldiram's,organization
Giuseppe Citterio S.p.A.,organization
Mangosteen,ingredient
Johnny Marzetti,food
Scallops,ingredient
Gardein,food
Jambalaya,food
Water,ingredient
Drink,food
Sandwich,food
Nut,food
Soymilk,food
Eggnog,beverage
Nectarine,ingredient
Hibiscus,ingredient
Raley's Supermarkets,organization
"Big Idea Holdings, LLC",organization
Kombucha,beverage
Fizz,beverage
SUNNYD,beverage
Cook,food
Vinegar,ingredient
Parmalat,organization
Beverage,food
Cranberry,ingredient
Goetze's Candy Company,organization
Falafel,food
SuperValu,organization
Nectar,food
Cocktail,beverage
Sargento,organization
Hannaford Brothers Company,organization
Punch,beverage
Barramundi,ingredient
Crows,ingredient
Roll,food
Reasor's,organization
Freia,organization
Budget Blinds,organization
Shurfine,organization
Rawxies LLC,organization
Wasabi,ingredient
Harmons,organization
Avanti,ingredient
"Coborn's, Inc.",organization
"Eillien's Candies, Inc.",organization
Redner's Markets,organization
K&amp;G Men's Company Inc,organization
"Gehl Foods, LLC",organization
Straub's Markets,organization
BarkBox,organization
C&amp;C,organization
Dierbergs Markets,organization
Haribo,organization
Sarsaparilla,beverage
Bissinger's Handcrafted Chocolatier,organization
Walgreens,organization
Stockleys Sweets Limited,organization
Common snipe,ingredient
Guylian,organization
The Social Security Investment Company,organization
Brookshire Grocery Company,organization
Yacón,ingredient
Wafer,food
Limonada,beverage
Bedford's paradise flycatcher,ingredient
Yellowfin tuna,ingredient
Safeway Inc.,organization
Cloverland Dairy Limited Partnership,organization
SAS Yescapa,organization
Coconut,ingredient
Valrhona,organization
Allen &amp; Gerritsen,organization
Plains coreopsis,ingredient
WIBISCO,organization
Limeade,beverage
Calypso Technology,organization
Thorntons,organization
Fruit,food
"GreenOne Holdings, Inc.",organization
Alcohol,ingredient
"Financor, S.A.-Sociedade Financeira de Investimentos e Gestoes Acores",organization
Wawel,organization
Hans Riegelein &amp; Sohn GmbH &amp; Co.KG,organization
Hemp,ingredient
Okazu,food
Bassett's,organization
Piselli,ingredient
Koestlin,organization
Dorina,ingredient
Whynatte Bomb,beverage
Yuzuya Honten,organization
Piasten Subwaren Gmbh &amp; Co. Kg,organization
Williamson's sapsucker,ingredient
Bikaji Foods International Limited,organization
DOLGENCORP,organization
Walkers,organization
Faygo,beverage
Tesco PLC,organization
Ghost pepper,ingredient
"Sara's Soup, LLC",organization
"Tessemae's, LLC",organization
"Dianne's Fine Desserts, Inc.",organization
Panino,food
Grattini,food
Decathlon Group,organization
Bajaj Auto,organization
Margarita,beverage
Borscht,food
Bockwurst,food
Challah,food
Roux,ingredient
Nicotiana rustica,ingredient
Souvlaki,food
Chilorio,food
Krasdale Foods,organization
Gazpacho,food
Naranjilla,ingredient
Durum,ingredient
Daiquiri,beverage
Pastry,food
Amaranth,ingredient
Cauli,ingredient
Spritzer,beverage
Lumaconi,food
RaceTrac,organization
Macaron,food
Clementine,ingredient
Radicchio,ingredient
Chayote,ingredient
Serrano pepper,ingredient
Maple,ingredient
"Pb Gelatins Uk,",organization
Spearmint,food
Food,food
Tropical fish,ingredient
Haystack,food
Philippine adobo,food
Lime,ingredient
Hazel,ingredient
Butter!,product
Cinnamon,ingredient
Easy,organization
Square,organization
Radishes,ingredient
Mesquite,ingredient
Bunny,ingredient
Bitter-berry,ingredient
Erythritol,ingredient
Subway,organization
Papaya,ingredient
Jumbo,organization
IHOP,organization
"Applebee’s International, Inc.",organization
Sweetened,product
Ajinomoto,organization
Onions,ingredient
Eagle,ingredient
Nog,beverage
Guava,ingredient
Moussaka,food
Horse,ingredient
Lovage,ingredient
Carmelita,ingredient
Dickinson's kestrel,ingredient
Smithfield Foods,organization
The J.M. Smucker Company,organization
Brisket,ingredient
Pillsbury Company,organization
Hoffman's Chocolate,organization
Moxie,beverage
Olive,ingredient
Condiment,food
Allspice,ingredient
Pumpernickel,food
Fonio,food
Salsas,food
Taziki's Mediterranean Café,organization
Pacific ocean perch,ingredient
"Beaver Street Fisheries, Inc.",organization
Rainbow trout,ingredient
Albacore,ingredient
Swiss cheese plant,ingredient
White mustard,ingredient
Brown rice,ingredient
Tomato sauce,ingredient
Chicken thighs,food
Mammillaria elongata,ingredient
Corned beef,food
"Gary Poppins, LLC",organization
Mixed nuts,food
Potato starch,food
Buffalo wing,food
Baked beans,ingredient
Flavored syrup,food
Jasmine rice,ingredient
Apple chip,food
Key Food,organization
Gefilte fish,food
Macaroni salad,food
Pumpkin pie,food
Apple pie,food
Cherry pie,food
Cooking spray,food
Innocent Drinks,organization
Seasoned salt,food
English muffins,food
Iced tea,beverage
Ice pops,food
Takikomi gohan,food
Lima beans,ingredient
Sausage rolls,food
"Garden Fresh Salsa Company, Inc.",organization
Pecorino Romano,ingredient
Fried pickle,food
Parmigiano-Reggiano,ingredient
Vegetable chip,food
Macadamia,ingredient
Pomelo,ingredient
Coco Polo LLC,organization
Sunflower oil,ingredient
Vienna sausages,food
Ancient grains,ingredient
Dal makhani,food
La Costeña,organization
Collard greens,ingredient
Olive all'ascolana,ingredient
"Busseto Foods, Inc.",organization
Bistecca alla Fiorentina,food
Condensed milk,product
Shenandoah Valley Organic - Farmer Focus,organization
"Hubbard Peanut Company, Inc.",organization
Apple crisp,food
Rising cake,food
PacSun,organization
Caramel corn,food
Pastina,food
Plain bagels,food
Harris Teeter,organization
Black cherry,ingredient
Bidvest Fresh Limited,organization
Arborio rice,ingredient
Yeast extract,food
Köttbullar,food
Vegetable shortening,product
"Mars, Incorporated",organization
Fish finger,food
Chicken fries,food
Salisbury steak,food
Coconut milk,food
Bilberry,ingredient
"Porky Products, Inc.",organization
Calrose rice,ingredient
Edam,ingredient
Basmati rice,ingredient
Spaghetti no,food
Cheese buns,food
Olive loaf,food
Sunflower butter,food
Rice cereal,food
Lemon peel,food
safflower oil,ingredient
House Foods America Corporation,organization
Kefir bar,product
Ice pop,food
Gelato pop,food
Chai tea,beverage
Pepper jack cheese,ingredient
Bumpy cake,food
Dungeness crab,ingredient
Mung dal,ingredient
Brown grain,ingredient
Salt substitute,food
Thai curry,food
Redcurrant sauce,food
Flavour enhancer,food
Bamboo shoots,ingredient
Date sugar,food
French onion,food
Miso soup,food
Freezer bars,food
Ice bars,food
Tiger tiger,ingredient
Blue raspberry flavor,food
"Hikari Miso Co., Ltd.",organization
Chicken wings,food
Rice bran,ingredient
Golden pheasant,ingredient
Spelt flour,food
Massaman curry,food
Cheese spread,ingredient
Fennel flower,ingredient
"Walden Farms, Inc.",organization
Candyleaf,ingredient
American witch-hazel,ingredient
Eucalyptus radiata,ingredient
"Bright Greens, Inc.",organization
Sesame chicken,food
"Johnsonville, LLC",organization
Danish Blue Cheese,ingredient
Zeytin ezmesi,food
Rice drink,beverage
Orange drink,beverage
Tomato soup,food
Aspen Dental,organization
Carambola,ingredient
Pitaya,ingredient
Worcestershire sauce,ingredient
Natural Soda LLC,organization
Milk evaporated,product
Cream soda,beverage
Diet soda,beverage
Evaporated milk,product
Pepper sauce,ingredient
Ginger ale,beverage
Root beer,beverage
Burger King,organization
PriceRite,organization
Red soda,beverage
Egg nog,beverage
East India Company,organization
Pasta primavera,food
Turkey bratwurst,food
Chili mac,food
Red maple,ingredient
Corn chip,food
Bamba,food
Boosted beverage,beverage
Peanut punch,beverage
Bridge mix,food
Cherry juice,food
Day's Beverages,organization
"Artesian Water Company, Inc",organization
Maud Borup Inc.,organization
"Wild Zora Foods, LLC",organization
Juncus saximontanus,ingredient
Tapioca chip,food
Jo's Candies,organization
Coffea arabica,ingredient
Vital Farms,organization
Wagon Wheels,food
Chicken marsala,food
The Gatorade Company,organization
Raisin bread,food
Daystar Desserts LLC,organization
Dandelion,ingredient
peanut oil,ingredient
Lemon drop,beverage
Frying oil,ingredient
Dairy creamer,product
Baguette sourdough,food
Gorgonzola,ingredient
"E.A. Sween Company, Inc.",organization
Star Market,organization
Chocolate cake,food
Soybean oil,ingredient
Cookies by Design,organization
Taleggio cheese,ingredient
Greca pita,food
Spinach quiche,food
Petite Supreme,ingredient
Traditional bagel,food
Pan de elote,food
Fruit cake,food
Belgian waffles,food
Onion pumpernickel,food
Cranberry bean,ingredient
Cheese roll,food
Rose water,food
Puffed rice,food
Queso panela,ingredient
"Creative Occasions, Inc.",organization
Lemon meringue,food
Common bean,ingredient
Flat fruit,ingredient
Khachapuri,food
Yamsafer,organization
Yukon Gold potato,ingredient
Shrimp creole,food
Banana bread,food
Caramelized peanut,food
Slices sandwich,food
Colby-Jack,ingredient
Provel cheese,ingredient
Lobels Foods,organization
Garlic bread,food
Moong dal,ingredient
Vigna mungo,ingredient
Foglie d'ulivo,food
Traditional olive,ingredient
Greens Power,organization
Anisacanthus,ingredient
"Gourmet Franks, Stanford Shopping Center",organization
Toscano bread,food
French sourdough,food
Dutch cheese markets,ingredient
Leonidas,organization
Alaska pollock,ingredient
Onion powder,ingredient
Passion flowers,ingredient
"Jimmy's Cookies, LLC",organization
"HannahMax Baking, Inc.",organization
Farmwise LLC,organization
Chicken thigh,food
Napa cabbage,ingredient
Hawthorns,ingredient
Enoki mushroom,ingredient
Organic beverage,ingredient
Lonicera caprifolium,ingredient
Protein+dairy beverage,beverage
Tinga,food
Sourdough flute,food
First Insurance Funding Corporation,organization
Common wormwood,ingredient
Desserts candy,food
Wahoo's Fish Taco,organization
West Indies salad,food
Stuffed ribs,food
Fine Seasoned Ground Pork,food
Offal,food
HP Hood LLC,organization
Korma,food
Cowboy beans,food
Pork crackling,food
California Pizza Kitchen,organization
Aleppo pepper,ingredient
Sarsaparilla drink,beverage
Grana Padano,ingredient
Aged Goat Gouda,ingredient
Bee pollen,food
Taco meats,food
Kefir cheese,ingredient
Peach melba,food
Krispy Kreme,organization
Ringwood,ingredient
Porcini mushrooms,ingredient
Masala chai,beverage
Rice non,food
Celery salt,food
Steamed bread,food
Pasty,food
Pearl onion,ingredient
Asparagus cream,food
Pumpkin bread,food
Ekte Geitost,ingredient
Organic lactose,ingredient
Italian rice,ingredient
Artigiani Pastai Bondi Srl,organization
Creme soda,beverage
Corn syrup,food
Watergate salad,food
Baked potato,food
List of Syrian cheeses,ingredient
Boston Pizza,organization
Chocolate fountain,food
functional drinks,beverage
Shagbark Hickory,ingredient
Indian paintbrush,ingredient
Bean pie,food
Mustard ground,ingredient
Blue oxidants,ingredient
Coconut ice,food
Aurora Organic Dairy,organization
Latin baguette,ingredient
Teton Waters Ranch LLC,organization
Montmorency cherry,ingredient
Blueberry cheesecake,beverage
Decaf coffee,beverage
Potato skins,food
Green leaf,ingredient
Almond paste,food
Plain bagel,food
Onion bagel,food
Duck liver mousse with port wine,food
Poppy bagel,food
Roasted chestnuts,food
Concord Confections ULC,organization
Prawn cocktail,food
Cantimpalo sausage,food
Tortelloni cheese,food
Processed cheese,ingredient
Spiced pear,beverage
"Blue Moose of Boulder, LLC",organization
Berry Global,organization
"Associated Feed and Supply Co., Inc.",organization
Beef short ribs,food
Atlantic herring,ingredient
Hard shell clams,ingredient
Fremont Beef Company,organization
"Fisherman's Pride Processors, Inc.",organization
Scallop st jacque,ingredient
Black Sea sprat,ingredient
"Atwood Lobster Co., Inc.",organization
Trident Seafoods,organization
V beverage hot,beverage
V beverage greens,beverage
V beverage tropical,beverage
Italian grown rice,ingredient
San Marzano tomato,ingredient
Split green peas,ingredient
Copha,food
Seafood dipping sauce,food
Utz Brands,organization
Home baked beans,ingredient
Eegee's,organization
"Bread Garden Franchising, Inc.",organization
Chive & onions,ingredient
Jewish apple cake,food
Coconut almond paste,food
Capellini,food
Seasoned pork cubes,food
Yeo Hiap Seng,organization
Palmetto Cheese,food
Whipped salad dressing,food
"Medora Snacks, LLC",organization
Baby broccoli florets,ingredient
Tuscan peasant soup,food
Small lima beans,ingredient
Taco,food
Tteok-bokki,food
Thai cooking sauce,ingredient
"Lotte Trading Co., Ltd.",organization
Hot chili oil,ingredient
Yasso,organization
Stonyfield Farm,organization
Gelato pop bars,food
DAGNY Sp. z o.o.,organization
Traditional ricotta cheese,product
Saganaki,food
Pasta side dish,food
Dakota Growers,organization
Spice rub,food
Teabox,organization
"American Importing Company, Inc.",organization
Lemon tartar sauce,ingredient
Organic z bar,ingredient
Pulmuone,organization
Mentha longifolia,ingredient
Stone pine,ingredient
Matcha green tea,beverage
Nonni's Foods LLC,organization
"South Georgia Pecan Company, Inc.",organization
Stichler Products Inc.,organization
Dakota Style,organization
Original sparkling water,beverage
Cherry mountain bar,food
Lite juice beverage,beverage
"California Olive Oil Council, Inc.",organization
Cannelini dry beans,ingredient
Salsa dip mix,food
Devil's food cake,food
Tangerine,ingredient
Four pepper dip,food
Roasted peanut oil,ingredient
"Baobab Foods, Inc.",organization
Garlic gouda cheese,product
Korbáčik,ingredient
Plain english muffins,food
Lean ground beef,food
Roman chamomile,ingredient
Roast beef,food
Chile de árbol,ingredient
Plumrose USA,organization
Kriti Nutrients Ltd,organization
Biscuits and gravy,food
Walmart,organization
Instant espresso powder,beverage
Tunisian American Olive Oil Company,organization
Saudi Fisheries Co.,organization
Grupo Arcor,organization
Southern meat seasoning,food
Pav bhaji,food
"A. Zerega's Sons, Inc.",organization
Natra,organization
Enriched spaghetti pasta,food
Cream ice pops,food
Bega Dairy &amp; Drinks,organization
Pomodoro basilico sauce,ingredient
"R. Torre &amp; Company, Inc.",organization
Limoneira,organization
Lowbush blueberry,ingredient
Onion soup base,food
Original vegetable soup,food
Steak tartare,food
"Springfield Creamery, Inc.",organization
Beef brisket sausage,food
"Gaspar's Sausage Co., Inc.",organization
Kineret Foods Corp,organization
Engelman's Bakery Inc.,organization
Indian bombay lentils,food
Lindt &amp; Sprüngli (USA) Inc.,organization
Eurasian tree sparrow,ingredient
Cookie cake torte,food
French bread loaf,food
Traditional white bread,food
Bánh mì,food
"Florida Bottling, Inc.",organization
Allied Bakeries Ltd.,organization
Caffè Nero,organization
Cinnamon raisin bread,food
Sweet honey multigrain,food
Black pepper,ingredient
"PARTNERS, a tasteful choice company",organization
Maggie Beer Holdings,organization
Non dairy creamer,product
"Sugardale Foods, Inc.",organization
Potato wedges,food
Filet mignon,ingredient
Russell Stover Candies,organization
Murtabak,food
Light noodle soup,food
Pork belly,ingredient
Baked pecan pie,food
"Certi-Fresh Foods, Inc.",organization
Baked cherry pie,food
Corn crab soup,food
King oyster mushroom,ingredient
Scotch pie,food
Plukenetia volubilis,ingredient
Greek olive salad,food
Pretzel Perfection,organization
Brixx Wood Fired Pizza,organization
Pickled diced vegetables,food
Seafood bisque base,food
Shirley Temple,beverage
Pizza crimini mushrooms,ingredient
"Compañía Topo Chico, S.A. De C.V.",organization
Riff Cold Brewed Coffee,organization
Strawberry rhubarb pie,food
Salad green olives,food
Sushi soy sauce,ingredient
Monte cristo sandwiches,food
Kofta,food
Salsa,food
SK Foods,organization
Fiery hot sauce,ingredient
Zeytinia LLC,organization
Large white eggs,ingredient
Concentrate instant tea,beverage
Winterbotham Darby &amp; Co Ltd.,organization
Chef salad,food
Jimmy John's,organization
Ito En,organization
Cooking oil canola,ingredient
Arroz con leche,food
The Clearing House,organization
Welsh rarebit,food
Canned sardines in oil,food
Tnuva,organization
Mapo tofu,food
Sencha green tea,beverage
Cacao chocolate powder,food
White navy beans,ingredient
Corn nut,food
Beef tenderloin steak,food
Plant based cheese,beverage
Carbonato baking soda,ingredient
Coconut oil refined,ingredient
Pasta Foods Limited,organization
Fried fish,food
Curry powder,ingredient
Cherryade,beverage
Direct Source Seafood LLC,organization
Sadia,organization
Mixed roasted nut,food
Instant coffee beverage,beverage
Special apple cider,beverage
"Zumbro River Brand, Inc.",organization
Johnvince Foods Limited,organization
Performance sports drink,beverage
Speculaas,food
"Sweet Shop Candies, Inc.",organization
KAMEDA SEIKA,organization
Kettle Foods,organization
"Evergood Sausages, Inc.",organization
Jules Destrooper,organization
Rise Kombucha Inc.,organization
Obela Fresh Dips &amp; Spreads Pty Ltd,organization
"Enstrom Candies, Inc.",organization
Proveedora de Productos Marinos S.A.C.,organization
Garlic mustard,ingredient
Green food color,beverage
"AMES International, Inc.",organization
Nitro cold brew,beverage
Calbee,organization
Zizania latifolia,ingredient
Mediterranean olive oil,ingredient
Vitello tonnato,food
Beef tenderloin filet,food
Large elbow macaroni,food
Animal vegetable shortening,product
The Cheesecake Factory,organization
"Costa Fruit &amp; Produce Co., Inc.",organization
Chili pinto beans,ingredient
Simply white non,ingredient
Ellenos Real Greek Yogurt,organization
Noe Jr LLC,organization
Reinhart FoodService L.L.C.,organization
Bourbon chicken,food
JBS S.A.,organization
"High Road Craft Ice Cream, Inc.",organization
Rudolph Foods,organization
Minestrone traditional soup,food
Herbes de Provence,food
Small enriched bread,food
Cordon bleu,food
"Corazonas Foods, Inc.",organization
Waterbase,organization
Italian ice,food
Pasta al pomodoro,food
Rudi's Organic Bakery,organization
Wheat muffin sandwiches,food
Sweet brown mustard,ingredient
Brewed black tea,beverage
Family enriched bread,food
Quality Candy Company LLC,organization
Red hot sauce,ingredient
"Jiangsu Salt Industry Group Co., Ltd.",organization
Brewed matcha tea,beverage
Artashat Cannery OJSC,organization
Water jasmine,ingredient
Baeckeoffe,food
Breadfast,organization
Brewed green tea,beverage
"Pro Organic Tropical Fruits, S.A.P.I. de C.V.",organization
New Age Beverages Co,organization
Warrnambool Cheese &amp; Butter,organization
Barbara's Bakery,organization
Thai tom yum,food
Tilsit cheese,ingredient
Jacob's cattle beans,ingredient
Castanopsis,ingredient
Green olives pieces,food
"Breadsmith Franchising, Inc.",organization
"Bear's Fruit, LLC",organization
Red kidney peas,ingredient
Vodka martini,beverage
Hamburguesas El Corral,organization
Lantmannen Unibake Benelux NV,organization
Naan baked flatbread,food
Risotto arborio rice,ingredient
Salsa di pomidoro,ingredient
Gebrüder Woerle Ges.m.b.H,organization
Mirabelle plum,ingredient
Superfino arborio rice,ingredient
Fortune cookie,food
"Keystone Grain, Ltd.",organization
Maple bacon donut,food
Torta de pina,food
Ploye,food
Catupiry,ingredient
Burgerville,organization
Olive oil dressing,ingredient
One calorie cola,beverage
Noni,ingredient
Enriched bread flour,food
Immaculate Baking Company,organization
Enriched long grain,ingredient
Chop suey,food
Hofseth International AS,organization
"Eastern Fisheries, Inc.",organization
Vegetable cooking oil,ingredient
"Piantedosi Baking Company, Inc.",organization
Natco Pharma,organization
Casarecce,food
Pork Farms,organization
Anna's hummingbird,ingredient
Fukujinzuke,ingredient
French's,organization
"Takaokaya Co.,Ltd.",organization
Yam,ingredient
Peas,ingredient
Mutti,organization
Kurakon Foods,organization
Sukhi's Gourmet Indian Foods,organization
Japan Finance Corporation,organization
Maruman Corporation,organization
Daifuku,food
Kebab,food
Chinese onion,ingredient
Tiramisu,food
Carrots,ingredient
Modern Baking Pty Ltd,organization
Laurel &amp; Wolf,organization
Uniekaas Holding B.V.,organization
"SnackMasters, Inc.",organization
Oregano,ingredient
Tarragon,ingredient
Missguided,organization
Dak-kkochi,food
Bratwurst,food
Bamboe,ingredient
Orchids,ingredient
"Meiji Co., Ltd.",organization
Butternut,ingredient
Seawings,organization
Magnolia,ingredient
Purdys Chocolatier,organization
Mostaccioli,food
Gnocchi,food
"The Peanut Patch, Inc.",organization
Ottogi,organization
Orca,ingredient
"Agricultural Tizen Co.,Ltd.",organization
Soda,ingredient
The Pictsweet Company,organization
Flapjack,food
Asparagus,ingredient
Zatarain's,organization
Rose,ingredient
Jujube,ingredient
"Raymundo's Food Group, LLC.",organization
Lisy,ingredient
Cauliflower,ingredient
Taquito,food
Pernigotti,organization
Western Family Foods,organization
"Nacional De Alimentos y Helados, S.A. De C.V.",organization
Chestnut,ingredient
Delaviuda Alimentacion S.A.,organization
Milo's Hamburgers,organization
Marzipan,food
"Cedar's Mediterranean Foods, Inc.",organization
Ricotta,ingredient
Honeydrop Beverages Inc.,organization
Fungus,food
Texas sage,ingredient
Foodtown,organization
Cubes,ingredient
Heinen's Fine Foods,organization
Greater roadrunner,ingredient
Acme Markets,organization
Mung,ingredient
"Svenhard's Swedish Bakery, Inc.",organization
Westcott Rule Company,organization
Cedarlane Laboratories,organization
Pita,food
Central Grocers Cooperative,organization
Borealis AG,organization
Focaccia,food
Beans,ingredient
Hummingbirds,ingredient
Common sunflower,ingredient
Melegatti,organization
Carrot,ingredient
Apples,ingredient
Grits,food
Norbest,organization
Eggplant,ingredient
Huckleberry,ingredient
Orange,ingredient
Saffron,ingredient
Cajohns Fiery Foods Co.,organization
Crawfish,ingredient
Podravka,organization
Russo's New York Pizzeria,organization
Mangoes,ingredient
Pollock,ingredient
Mussels,ingredient
Agnolotti,food
Lassi,beverage
Braeburn,ingredient
Coq au vin,food
Sharks,ingredient
Grapefruit,ingredient
Shawarma,food
"Corona-Lotus, Inc.",organization
Zesty,organization
Shallot,ingredient
Ziti,food
Seafood,food
Fanta,beverage
NuGrape,beverage
Carabao,ingredient
Perugina,organization
Orecchiette,food
A&amp;W Restaurants,organization
Nanche,ingredient
WeightWatchers.ca Ltd,organization
Keebler Company,organization
Buitoni,organization
Omelette,food
Tropicana Products,organization
Tabouli,food
Frittata,food
FIGS,organization
Sauces,ingredient
Liverwurst,food
Mezzelune,food
Escarole,ingredient
Quickplay,organization
Stewed tomatoes,food
Iodised salt,food
Cheese tortellini,food
Navy beans,ingredient
Red beans and rice,food
Pinto beans,ingredient
Colby cheese,ingredient
Toaster pastry,food
Chili sauce,ingredient
Coffee creamer,product
Carrington Tea Company LLC,organization
Green tea,beverage
Tartar sauce,ingredient
Neufchâtel cheese,ingredient
Pink salmon,ingredient
Rice pudding,food
Chicken noodle,food
Broad bean,ingredient
Enriched spaghetti,food
Refried beans,ingredient
Chicken citron,food
Butter beans,ingredient
Smoked turkey,food
Noodle soup,food
Culver's,organization
Romano cheese,ingredient
Instant pudding,food
Drink mix,beverage
Italian bread,food
Turnip greens,ingredient
Chocolate sandwich,food
Herbal tea,beverage
Key lime,ingredient
Pound cake,food
Vienna sausage,food
Coca tea,beverage
Sea salt,food
Green beans,ingredient
Cinnamon sugar,food
Pasta salad,food
Marinara sauce,ingredient
Bolognese sauce,ingredient
French bread,food
The Honey Baked Ham Company,organization
Corn oil,ingredient
Hot sauce,ingredient
Olive oil,ingredient
"Williams Sausage Company, Inc.",organization
Pineapple juice,beverage
Pita bread,food
Sourdough bread,food
10-K Thirst Quencher,beverage
"Hazelnut Growers of Oregon, Inc.",organization
Cereal germ,food
Sesame bagel,food
Pork roll,food
The Pickle Juice Company,organization
Shepherd's pie,food
Erewhon Organic,organization
International Foodsource LLC,organization
Chuck E. Cheese,organization
Green chilies,food
Frozen sofrito,food
White tea,beverage
Tea biscuit,food
Meringue pie,food
Bean chip,food
Aladdin Bakers Inc.,organization
Green Pea,ingredient
Enriched bread,food
Lowes Foods,organization
Peanut oil,ingredient
Baking soda,ingredient
Lo mein,food
Green bean,ingredient
Farmer cheese,ingredient
Bean sprouts,ingredient
Minestrone soup,food
Coconut oil,ingredient
White bread,food
Rhubarb pie,food
Raw shrimp,ingredient
Black tea,beverage
Applewood cheese,ingredient
Bird's eye chili,ingredient
"Mann Packing Co., Inc.",organization
Chicken wing,food
Chicken Kiev,food
The Artisan Sausage Company Ltd.,organization
Fruit snack,food
De Cecco,organization
Mung beans,ingredient
Damiana,ingredient
Cinnamon bread,food
Tramezzino,food
Tahini roll,food
Parrano cheese,ingredient
Soul Popped Gourmet Popcorn,organization
Rye bread,food
"Azteca Foods, Inc.",organization
Table salt,ingredient
Clean Energy Fuels Corp.,organization
That's How We Roll LLC,organization
Dave's Gourmet,organization
Soy curls,food
Chamaedorea tepejilote,ingredient
Matrimony vine,ingredient
Bandeja paisa,food
Numi Organic Tea,organization
Mombins,ingredient
Beef steak,food
Cinnamon raisin,food
Sloppy joe,food
Bread and butter pudding,food
Onion bagels,food
New York State Cheddar,ingredient
Dipping sauce,food
Liquid smoke,food
Coconut non,ingredient
Frijoles pintos,ingredient
Egg roll,food
Creme pie,food
Ginger beer,beverage
Sports drink,beverage
The Jelly Belly Candy Company,organization
Dairy drink,beverage
Kettle and Fire Inc.,organization
Ginger tea,beverage
Brazil nut,ingredient
Elbow macaroni,food
Pink rock-rose,ingredient
Blood orange,ingredient
Agua fresca,beverage
Mountain bar,food
Beverage mix,beverage
Fava beans,ingredient
Flavored drink,beverage
Pecan Deluxe Candy Ltd.,organization
Big Y,organization
Giant Eagle,organization
AutoZone,organization
PJ's Coffee,organization
Sport drink,beverage
Brewed tea,beverage
Sparkling limeade,beverage
Chupa Chups,organization
Dried Mushroom,food
"Food Sales West, Inc.",organization
Mushroom sauce,food
rice ball,food
Alimentos Prosalud SA,organization
Pasta dressing,food
Vegetarian bacon,food
Chicken breasts,food
Chilli sauce,ingredient
Greek salad,food
Bread pudding,food
Kind,organization
Gỏi cuốn,food
Garlic sauce,food
Tortellini cheese,food
Chicken piccata,food
Jangajji,food
"GSB &amp; Associates, Inc.",organization
Durazno amarillo,ingredient
Au jus,food
Bialy,food
"ONE Brands, LLC",organization
Nachos,food
Wasabi,organization
Sauerkraut bratwurst,food
Salad dressings,ingredient
Wonton noodles,food
Caesar salad,food
Brussel sprouts,ingredient
Baked ziti,food
Gelato italiano,food
White sauce,ingredient
Smooth hydrangea,ingredient
"Five Friends Food, Inc.",organization
Circus peanut,food
Lamb and mutton,ingredient
Marinade sauce,ingredient
Dill Sauce,food
Chick-fil-A,organization
"Montebello Kitchens, LLC",organization
Red sauce,ingredient
Turkey meat,ingredient
strawberry pie,food
Tater tots,food
Shoeblackplant,ingredient
Zalatimo Sweets &amp; Restaurants L.L.C.,organization
Cream stock,food
Sesame bagels,food
Great Harvest Bread Company,organization
Texas caviar,food
Annona praetermissa,ingredient
Solanum viarum,ingredient
Ragoût de boulettes,food
Eriogonum gracillimum,ingredient
inch pie,food
Lasagnette bolognese,food
Tianjin preserved vegetable,food
Grilled pork sausage,food
Alaskan crab,ingredient
Fish ball,food
Sweet crabapple,ingredient
Minute Maid,organization
Fried rice,food
Home fries,food
Tarte Tatin,food
Ginger snap,food
english muffins,food
Matzah ball,food
Gołąbki,food
Meadow buttercup,ingredient
Stuffed squash,food
"Kitu Life, Inc.",organization
Maine lobster,ingredient
Sheep butter,product
Golden milk,beverage
Oysters Rockefeller,food
Allolepis,ingredient
Pintos beans,ingredient
Bagels plain,food
Spread,food
Hatch Chile Express LLC,organization
Mustard greens,ingredient
Saffron rice,food
Tomato condiment,ingredient
Volcano shrimp,ingredient
Cooking oil,ingredient
"Orange County Nursery, Inc.",organization
Masgouf,food
Ful medames,food
Scallops vieiras,ingredient
Bubba Foods,organization
Patagonian toothfish,ingredient
Spanish omelette,food
Stilton cheese,ingredient
Colcafe S.A.S. - Industria Colombiana De Cafe,organization
Pacific tropicals,ingredient
Kakuni,food
Holiday fruitcake,food
Gumbo vegetables,food
Millet butterflyfish,ingredient
Tabasco pepper,ingredient
Greek horiatiki,food
VK Mühlen,organization
Strawberry daiquiri,beverage
Antioxidant soda,ingredient
Bloody Mary,beverage
Nitro coffee,beverage
Corn tea,beverage
Broadleaf plantain,ingredient
Spelt matzos,food
Enriched macaroni,food
Pickled onion,food
Hawaiian pizza,food
Wisconsin cheese,ingredient
Sweet and sour chicken,food
"Seaboard Triumph Foods, LLC",organization
Britania Foods Ltd.,organization
Mighty Leaf Tea Company,organization
Starch,food
Galia melon,ingredient
Ground Round,organization
Crimini mushroom,ingredient
Smelt,ingredient
Pastitsio,food
Duckweeds,ingredient
Lacinato kale,ingredient
Cinnamon bear,ingredient
Bacon jam,food
Pasta Garofalo España S.L.,organization
Juice pops,food
Steak burger,food
Field pumpkin,ingredient
Water cress,ingredient
Chicken fry,food
With cheese,food
Chef Merito Inc.,organization
Nectar d.o.o.,organization
Enriched po,food
Kemps,organization
Small plates,food
Mammea americana,ingredient
Purple honeycreeper,ingredient
Johnnycake,food
Baek-kimchi,food
Pinconning cheese,ingredient
Yellow potato,ingredient
"Marquez Brothers International, Inc.",organization
Valencia orange,ingredient
"Mike's Hot Honey, Inc.",organization
Fried Mussels,food
Bilimbi,ingredient
Spondias purpurea,ingredient
SodaStream,organization
Lemonade beverage,beverage
Smile Inc.,organization
Natural bratwurst,food
Sugar beet,ingredient
Enriched elbow macaroni,food
Rich Products,organization
Apple pie filling,food
Frozen vegetables,food
Roasted grain drink,beverage
Chicken noodle soup,food
Refined coconut oil,ingredient
Large lima beans,ingredient
Baskin-Robbins,organization
"GreenLine Foods, Inc.",organization
Elbow macaroni product,food
Sesame seeds brittle,food
White enriched bread,food
Long grain rice,ingredient
Vegetables for soup,food
Birria,food
Pasta alla Norma,food
Pineapple in juice,beverage
Mixed seeds brittle,food
Collard greens berza,ingredient
White arborio rice,ingredient
"Mel-O-Cream Donuts International, Inc.",organization
Lumpia,food
Traditional thin spaghetti,food
Banitsa,food
"PEPPER FOOD SERVICE CO.,LTD",organization
Semolina pudding,food
Salad bar,food
Top sirloin steak,food
Reitzel S.A.,organization
Buffalo wing sauce,food
Morton &amp; Bassett LLC,organization
Refried beans traditional,ingredient
Kung Pao chicken,food
Van Holten’s,organization
Marinara spaghetti sauce,ingredient
Guajolota,food
Boat noodles,food
Shoyu soy sauce,ingredient
Macaroni product elbow,food
"Root Cellar, LLC",organization
Rice bran oil,ingredient
'Ncrappiata,food
Curry chicken noodles,food
Wrigley Company,organization
Creamland Dairies Inc,organization
"Great Earth Vitamins, Inc.",organization
"Casbah Sahara Natural Foods, Inc.",organization
Margarine vegetable oil,product
Rouladen,food
"Cargill Dressing, Sauces &amp; Oils North America",organization
"CHUO GYORUI Co., Ltd.",organization
Haricot dried beans,ingredient
Hot chili sauce,ingredient
Breadfruit,ingredient
Burger enriched buns,food
"Eat Good Do Good, LLC",organization
Ice pops helados,food
Pork loin,ingredient
Original marinade sauces,ingredient
Surimi,food
Jordano's Inc.,organization
Chicken and waffles,food
Whole sour cabbage,food
Country Pure Foods,organization
"Zachary Confections, Inc.",organization
1-800-Flowers,organization
Aunt Bessie's,organization
Buffalo Games,organization
Crunchy cookie chips,food
Primo Water,organization
Kraft Foods Inc.,organization
Baked apple crisp,food
"Rocky Mountain Premix, Inc.",organization
Alkaline Water Company Inc,organization
Caesar,beverage
Sugo homemade marinara,ingredient
Van Leeuwen Artisan Ice Cream,organization
Striped beakfish,ingredient
The Habit Burger Grill,organization
Fairway Foodservice PLC,organization
Wheat enriched bread,food
Cooperative Top Alliance Alinea,organization
Cajun bloody mary,beverage
RITROVO Italian Regional Foods LLC,organization
Traditional olive oil,ingredient
Chocolate sprinkle brownie,food
Sour creme cake,food
Ca Mau Group Joint Stock Company,organization
MaggieMoo's Ice Cream and Treatery,organization
"Griffin Produce Company, Inc.",organization
Buffalo wing seasoning,food
Golden Delicious,ingredient
Kumpir,food
Vannamei white shrimp,ingredient
Farmed white shrimp,ingredient
Apple cider jam,beverage
Beer can chicken,food
French green beans,ingredient
"Rite Stuff Foods, Inc.",organization
Curing salt,food
Jeni's Splendid Ice Creams,organization
Iridescent shark,ingredient
Sweet pepper dip,ingredient
Maytag Blue cheese,ingredient
"San Franola, Inc.",organization
Kashkaval,ingredient
"Boulder Homemade, Inc.",organization
Keylime meringue pie,food
Baja Fresh,organization
Fattoush salad dressing,food
Homemade picante salsa,ingredient
The original sauce,ingredient
The Original Curry Sauce Company Limited,organization
Sweet bean paste,food
Souper Salad,organization
Fagioli borlotti beans,ingredient
Cooking rice wine,beverage
Atlantic white shrimp,ingredient
Belgian vanilla waffle,food
Black mustard,ingredient
"Giumarra Bros. Fruit Co., Inc.",organization
Queso Chihuahua,ingredient
Pasta Zara S.p.A.,organization
Oil roasted peanuts,ingredient
Low calorie beverage,beverage
Snak King,organization
Pakfood Public Company Limited,organization
American chop suey,food
Velveeta,ingredient
Beef ribeye steak,food
Egg tart,food
Chinese soya sauce,ingredient
Refresco strawberry soda,beverage
Keurig Dr Pepper,organization
Bai Brands,organization
Long Blockchain Corp,organization
Tempura dipping sauce,food
Soy sauce paste,ingredient
Fresh marinara sauce,ingredient
Rich tomato sauce,ingredient
"Tractor Beverages, Inc.",organization
Naturally sweet balsamic,ingredient
Dreyer's,organization
"Mount Franklin Foods, LLC",organization
Lightly carbonated soda,beverage
Bahlsen,organization
Ülker,organization
Kashi,organization
Kiss Baking Company Limited,organization
Beef strip steaks,food
"Florida Food Products, Inc.",organization
Chicken wing drummette,food
Zero calories soda,beverage
Roast beef sandwich,food
Lewis Road Creamery,organization
Premium Nut &amp; Dried Fruit Co Inc.,organization
Snyder's of Hanover,organization
"Gills Onions, LLC",organization
Roasted sweet potato,food
Detroit-style pizza,food
Sweet sandwich slices,food
Cabbage roll,food
Martin's Famous Pastry Shoppe,organization
Shopska salad,food
"G.K.I. Foods, Inc.",organization
Pasta e fagioli,food
Suja Juice,organization
Refined sunflower oil,ingredient
Baked sandwich crackers,food
Vermicelli enriched macaroni,food
Bolognese sauce base,ingredient
Agrícola Cran Chile Limitada,organization
Pocari Sweat,beverage
Freeze cream pops,food
Chocolate-covered bacon,food
"Arrocerías Dorado, S.A.",organization
Drumstick tree,ingredient
Botanic Innovations LLC,organization
Amoroso's Baking Company,organization
Chobani,organization
GU Energy Labs,organization
"Riverside Food Distributors, LLC",organization
Chinese oyster sauce,ingredient
Briess Malt &amp; Ingredients Co.,organization
Dashi,food
Black tea beverage,beverage
Black and white cookie,food
Pure sparkling water,beverage
Noodles &amp; Company,organization
Multigrain english muffins,food
Beef O'Brady's,organization
Premium Service Brands LLC,organization
Pinty's Delicious Foods Inc.,organization
English muffins sandwich,food
Filtered apple cider,beverage
Pomodoro tomato sauce,ingredient
Smoked egg,food
Enriched plain bagels,food
Red braised pork belly,food
Tofutti,organization
Shearer's Foods,organization
Yellow cracked corn,ingredient
Italian arborio rice,ingredient
Corned beef brisket,food
Singapore chow mein,food
White large eggs,ingredient
Wyandot Snacks,organization
Premium gold potatoes,beverage
Firebird Artisan Mills,organization
The Smith's Snackfood Company,organization
CamelBak,organization
Egg barley,food
Cornichons with herbs,ingredient
Hardee's,organization
Cantonese oyster sauce,ingredient
Sweet Leaf Tea Company,organization
Tomato sauce ketchup,ingredient
Goodfood Market,organization
Pierre's Ice Cream Company,organization
Marinade and sauce,ingredient
"Garden Protein International, Inc.",organization
Tom yum broth,food
Apple flavored drink,beverage
"O'MY Foods, LLC",organization
"House of Raeford Farms, Inc.",organization
Cooking soy sauce,ingredient
Scoby Masters Tea-Biotics,organization
Cooked rice,food
Everyday baguette french,food
RealStuff Inc,organization
Setton Farms,organization
The Jackfruit Company,organization
Primo Foods,organization
Famous Dave's,organization
Makarony Polskie,organization
Linguine arrabbiata pasta,food
Lemon caesar dressing,food
Mrs. T's Pierogies,organization
Cherry cola,beverage
Sweet seasoned vinegar,food
Bratwurst smoked sausage,food
Apple inch pie,food
Helzel,food
Five Guys,organization
Hoya carnosa,ingredient
Hot chicken,food
Chinese fried rice,food
Panucho,food
Salt pork,food
"DAISHO CO., LTD.",organization
"Turkey Valley Farms, LLC",organization
Southern seasoned flour,food
Acini di pepe,food
Cheese tortellini pasta,food
Baked beans barbecue,ingredient
Sresta Natural Bioproducts Pvt. Ltd.,organization
Naked atlantic salmon,ingredient
Garden green peas,ingredient
Shekerbura,food
Sugar substitute,product
World of Warcraft,product
Ham,product
Candy,product
Galbanino,product
PlayStation Vita,product
Pasta,product
Chutney,product
PlayerUnknown's Battlegrounds,product
Forager,product
Shopkins,product
Microsoft Office,product
Frosted Flakes,product
Pepsi,product
Milkis,product
Clamato,product
Twix,product
Nerds,product
Wrigley's Skittles Wild Berry,product
Knife,product
Manchego,product
Crunchy Nut,product
PIZZA HUT Super Supreme Pizza,product
Kellogg's Eggo Cinnamon Toast Waffles,product
Wendy's Frosty Dairy Dessert,product
Nestle Bit-O'-Honey Candy Chews,product
Keebler Fudge Shoppe Jumbo Peanut Butter Sticks,product
Nutty Bars,product
Kellogg's Pop-Tarts Frosted Blueberry Muffin,product
KELLOGG'S POP TARTS Frosted cherry toaster pastries,product
McDonald's Spicy Buffalo Sauce,product
Baileys Irish Cream,product
Kudos,product
Cap'n Crunch,product
Resident Evil 3,product
Cream,product
Organic Nasoya Extra Firm Tofu,product
Quaker MultiGrain Oatmeal,product
Chocolate bar,product
Dead Rising 4,product
Honey Bunches of Oats with Almonds Cereal,product
Worthington Vegetable Skallops,product
Worthington Diced Chik,product
Keebler Club Original Crackers,product
AirPods,product
Kellogg's Honey Crunch Corn Flakes,product
Worthington Vegetable Steaks,product
Rice Krispies Treats,product
Campbell's Select Microwaveable Bowls Italian Sausage Pasta &amp; Pepperoni Soup,product
Worthington Meatless Chicken Roll,product
Morningstar Farms Meal Starters Grillers Recipe Crumbles,product
Almond Joy,product
Twizzlers Strawberry Twists Candy,product
Kellogg's Pop-Tarts Frosted Brown Sugar Cinnamon toaster pastries,product
Corn flakes,product
StarCraft,product
Fruit Gems,product
Kellogg's Eggo Homestyle waffles,product
Milk Duds,product
Oscar Mayer Wieners,product
Domino's Sausage Pizza,product
Lemon Chalet Cremes,product
After Eight,product
Meatball pizza,product
MorningStar Farms Hot &amp; Spicy Sausage Patties,product
Crystal Light,product
Pokémon FireRed and LeafGreen,product
Quaker Life Honey Graham Cereal,product
Diet Coke,product
Keebler Club Minis Multi-Grain crackers,product
Frito-Lay SUNCHIPS Multigrain Snacks,product
RC Cola,product
Morningstar Farms Garden Veggie Patties,product
Mars Snackfood M&amp;M's Minis Milk Chocolate Candies,product
KRAFT BREYERS Smooth &amp; Creamy Lowfat Strawberry Yogurt,product
Malt-O-Meal Fruity Dyno-Bites Cereal,product
McDonald's Double Cheeseburger,product
Kellogg's Raisin Bran Crunch,product
Cocoa Puffs,product
Milk chocolate,product
Malt-O-Meal Puffed Wheat Cereal,product
Keebler Grahams crackers,product
MorningStar Farms Chik'n Grill Veggie Patties,product
Morningstar Farms Chik'n Nuggets,product
Swanson Vegetable Broth,product
Kellogg's Eggo Buttermilk Pancakes,product
Kashi Blueberry Waffle,product
General Mills Cheerios Cereal,product
Nestle Rich Milk Chocolate Hot Cocoa Mix,product
Reese's Peanut Butter Cups,product
Prego Fresh Mushroom Italian Sauce,product
Burger King French Toast Sticks,product
Total,product
Oscar Mayer Braunschweiger Liver Sausage,product
Keebler Vienna Fingers cookies,product
Prego Pasta Tomato Basil and Garlic Italian Sauce,product
Twinkie,product
Famous Amos Chocolate Sandwich Cookies,product
Quaker Instant Oatmeal Organic Regular,product
Hormel Pillow Pack Sliced Turkey Pepperoni,product
Jaffa Cakes,product
Malt-O-Meal Puffed Rice Cereal,product
Murray Sugar Free Cookies,product
Keebler Iced Oatmeal Cookies,product
DiGiorno Cheese Stuffed Crust Pepperoni,product
Nestle Goobers Chocolate Covered Peanuts,product
Murray Old Fashioned Ginger Snaps Cookies,product
MorningStar Farms Veggie Bacon Strips,product
Louis Rich Turkey Smoked Sausage,product
Prego Pasta Roasted Garlic and Herb Italian Sauce,product
V8 Splash Diet Berry Blend Juice Drink,product
Coca-Cola Powerade Lemon-Lime Flavored Sports Drink,product
Swanson Certified Organic Vegetable Broth,product
Creamsicle Sugar Free Pops,product
Campbell's Healthy Request Tomato Condensed Soup,product
McDonald's Chicken Selects Premium Breast Strips,product
Quaker Apples and Cinnamon Instant Oatmeal Cereals,product
Silk Strawberry Soy Yogurt,product
Pace Spicy Jalapeno Refried Beans,product
Hershey's Cookies 'n' Creme,product
Morningstar Farms Veggie Breakfast Sausage Patties,product
Campbell's Condensed Soups New England Clam Chowder,product
Reese's Puffs,product
Mother's Vanilla Sandwich Cookies,product
Monster Energy,product
Pizza rolls,product
Life,product
McDonald's Baked Apple Pie,product
Murray Sugar Free Chocolate Chip Cookies With Pecans,product
Quaker Whole Wheat Natural Cereal,product
Archway Home Style Raspberry Fruit Filled Cookies,product
Nestea Cool Lemon Iced Tea,product
Campbell's Fat Free Chicken Gravy,product
Pumpkin Spice Latte,product
McDonald's Big Mac,product
General Mills Nature Valley Sweet and Salty Nut Granola Bars Peanut,product
Mother's Cookies Double Fudge Sandwich cookies,product
Mother's Circus Animal Cookies,product
Mother's English Tea Sandwich Cookies,product
Campbell's Chunky - Beef &amp; Bean Roadhouse Chili,product
Gruyère cheese,product
Keebler Zesta Whole Wheat Saltine crackers,product
Quaker Oatmeal Squares,product
V8 Splash Mango Peach Juice Drink,product
Sting Energy Drink,product
Viva Piñata: Trouble in Paradise,product
Campbell's Select Harvest Chicken Vegetable Medley Soup,product
Kellogg's Pop-Tarts Frosted Wild Strawberry Toaster Pastries,product
Malt-O-Meal Honey Buzzers,product
Mars Snackfood US Twix Peanut Butter Cookie Bars,product
Campbell's Chunky Savory Vegetable Soup,product
Cookie Crisp,product
General Mills Fiber One Raisin Bran Clusters Cereal,product
V8 Splash Juice Drinks Tropical Blend,product
Coca-Cola Zero Sugar,product
Keebler 100 Calorie Right Bites White Fudge Dipped Pretzels,product
McDonald's Sweet 'n' Sour Sauce,product
Corn Pops,product
Tom Clancy's Rainbow Six Siege,product
Call of Duty: Black Ops Cold War,product
AirHeads,product
Kellogg's Special K Chocolatey Delight,product
Smarties,product
Celeste,product
Peeps,product
Diaper,product
Lucky Charms,product
Acer Aspire,product
MacBook Air,product
Bugles,product
Super Mario Galaxy,product
Siku Toys,product
MorningStar Farms Grillers Prime,product
Chex,product
Zingers,product
Murray Sugar Free Vanilla Wafers,product
General Mills Basic 4 Cereal,product
Trix,product
Wheaties Cereals,product
Murray Southern Kitchen Coconut Cookies,product
McDonald's McFlurry with Oreo Cookies,product
Kentucky Fried Chicken Popcorn Chicken,product
McDonald's Barbeque Sauce,product
Blue cheese,product
Keebler Zesta Saltines Original,product
Canola Harvest Soft Spread Margarine,product
Cinnamon Toast Crunch,product
Kellogg's Eggo Blueberry Waffles,product
Kellogg's Eggo Buttermilk waffles,product
Keebler TOWN HOUSE Flipsides Pretzel Crackers,product
Gouda cheese,product
Frosted Cheerios,product
Kentucky Fried Chicken Crispy Chicken Strips,product
MorningStar Farms Original Chik'n Tenders,product
Honey Bunches of Oats Cereal,product
Malt-O-Meal Cinnamon Toasters,product
Post Selects Blueberry Morning,product
Malt-O-Meal Cocoa Dyno-Bites Cereals,product
Malt-O-Meal Frosted Mini Spooners Cereals,product
Shredded wheat,product
Monterey Jack,product
Keebler Fudge Shoppe Merry Mint Patties,product
Crunch,product
Silk Organic Unsweetened Soymilk,product
Silk Light Plain Soymilk,product
Vitasoy Original Soymilk,product
Gin,product
Silk Very Vanilla Soymilk,product
Silk French Vanilla Creamer,product
Malt-O-Meal Corn Bursts,product
Malt-O-Meal Raisin Bran,product
Silk Chocolate Soymilk,product
Keebler Sandies Pecan Shortbread Cookies,product
Mini Eggs,product
Cabbage Patch Kids,product
MorningStar Farms Veggie Breakfast Sausage Links,product
Post Toasties Corn Flakes Cereal,product
Carl Buddig Cooked Smoked Beef Pastrami Chopped and Pressed,product
Irrigation controller,product
Kellogg's Eggo Strawberry Waffles,product
Malibu,product
Trefoils,product
Skittles Original Bite Size Candies,product
Campbell's Country Style Sausage Gravy,product
Campbell's Microwavable Turkey Gravy,product
Campbell's Microwavable Chicken Gravy,product
Campbell's Microwavable Beef Gravy,product
Campbell's Brown Gravy with Onions,product
Campbell's Mushroom Gravy,product
Campbell's Condensed Tomato Soup,product
Campbell's Chunky Soups Pepper Steak Soup,product
Campbell's Golden Pork Gravy,product
General Mills Cinnamon Chex Cereal,product
Honey Nut Cheerios,product
Spira,product
Dairylea,product
SpaghettiO's with Sliced Franks,product
Campbell's Chunky Chicken Corn Chowder Soup,product
Pace Red Taco Sauce,product
Kellogg's Crunchy Nut Roasted Nut and Honey O's,product
Malt-O-Meal Berry Colossal Crunch,product
Pace Thick and Chunky Salsa,product
Good &amp; Fruity,product
Coca-Cola,product
Archway Home Style Cookies Iced Molasses,product
Red Bull,product
Murray Sugar Free Pecan Shortbread Cookies,product
Oscar Mayer Old Fashioned Loaf,product
Oscar Mayer Spiced Luncheon Loaf,product
Keebler Chips Deluxe Rainbow Chocolate Chip Cookies,product
Campbell's Chunky Chicken Broccoli Cheese with Potato Soup,product
Campbell's Condensed Chicken and Dumpling Soup,product
Kashi Granola Summer Berry Cereal,product
Wendy's Homestyle Chicken Fillet Sandwich,product
Great Grains Cranberry Almond Crunch,product
M&amp;M's Crispy Chocolate Candies,product
MorningStar Farms Chik Patties,product
MorningStar Farms Spicy Black Bean Burger,product
Campbell's Red and White Southwestern-Style Chicken Vegetable Soup,product
Mars Snackfood US Starburst Original Fruit Chews,product
Baby Ruth,product
Cointreau,product
Ralston Corn Biscuits,product
Mars Snackfood US Starburst Tropical Fruit Chews,product
Malt-O-Meal Chocolate Cereal,product
Kentucky Fried Chicken Coleslaw,product
Cocoa Krispies,product
Zima,product
Snacks Sunkist Fruit Roll Strawberry,product
Keebler Chips Deluxe Soft 'n' Chewy Cookies,product
Kellogg's Special K Red Berries Cereals,product
Sony Xperia Z,product
Post Foods Alpha-Bits Cereal,product
Prego Pasta Traditional Italian Sauce,product
Kashi Fire Roasted Veggie Crackers,product
Hershey bar,product
General Mills Kix Cereal,product
Reese's Fast Break,product
Kashi Frozen Entrees Black Bean Mango,product
Kashi Frozen Entrees Pesto Pasta Primavera,product
Kashi Frozen Entrees Mayan Harvest Bake,product
Campbell's Select Mediterranean Meatball with Bowtie Pasta Soup,product
Big N' Tasty,product
Super Monkey Ball,product
Finlandia,product
Call of Duty,product
PlayStation 4,product
Apex Legends,product
Worthington Low Fat FriChik,product
Pringles,product
Mounds,product
Quaker Quick Grits - Original,product
Oscar Mayer Beef Bologna,product
Smart Balance Light Mayonnaise Dressing,product
Quaker Instant Oatmeal,product
Keebler Vanilla Wafers,product
Smart Balance HeartRight Light Buttery Spread,product
Kashi GOLEAN Crisp! Toasted Berry Crumble Cereal,product
Keebler Town House Flatbread Crisps Sea Salt and Olive Oil Crackers,product
Organic Nasoya Sprouted Tofu Plus,product
York Peppermint Pattie,product
Keebler Deluxe Grahams cookies,product
Mother's Macaroon Cookies,product
Burger King breakfast sandwiches,product
The Sims 3,product
Rice Krispies,product
Keebler Toasteds Toasted Sesame Crackers,product
Honeycomb,product
Charms Blow Pops,product
OSCAR MAYER Bologna Light,product
Kashi TLC Honey Sesame Crackers,product
Malt-O-Meal Golden Puffs,product
Spider-Man,product
Diet Mountain Dew,product
SpaghettiOs with Meatballs,product
Campbell's Healthy Request Cream of Mushroom Soup,product
Keebler Chips Deluxe Dark Chocolate Chunk Cookies,product
Malt-O-Meal Frosted Flakes Cereals,product
Quaker Instant Grits Butter Flavor,product
Swanson Chicken Broth 99% Fat Free Soup,product
Ralston Enriched Bran flakes Cereals,product
Campbell's Select Soup New England Clam Chowder,product
Heinz Homestyle Gravy Savory Beef,product
Campbell's Chunky Classic Chicken Noodle Soup,product
Pace Green Taco Sauce,product
McDonald's Bacon Ranch Salad with Grilled Chicken,product
Archway Home Style Cookies Old Fashioned Molasses,product
Keebler Fudge Shoppe Mint Creme Middles Chocolate Graham Cookies,product
KRAFT STOVE TOP Stuffing Mix,product
Kellogg's All-Bran Complete Wheat Flakes,product
General Mills Nature Valley Chewy Trail Mix Granola Bar,product
Murray Sugar Free Fudge Dipped Mint Cookies,product
Big Turk,product
Oscar Mayer Summer Sausage Beef  Thuringer Cervelat,product
Sidral Mundet,product
M&amp;M's Peanut Chocolate Candies,product
Bear Naked Nut Cluster Crunch Maple Pecan Walnut Cereal,product
Campbell's Chunky Split Pea &amp; Ham with Natural Smoked Flavor Soup,product
Keebler Town House Reduced Fat crackers,product
M&amp;M's Almond Chocolate Candies,product
Sunshine Cheez-It Hot &amp; Spicy Crackers,product
Malt-O-Meal Marshmallow Mateys Cereals,product
Keebler Cheese &amp; Cheddar Sandwich Crackers,product
Kellogg's Special K Fruit &amp; Yogurt Cereal,product
Archway Home Style Strawberry Filled Cookies,product
Sunshine Cheez-It Italian Four Cheese crackers,product
Kraft Dinner,product
Campbell's Chunky Soup Firehouse - Hot &amp; Spicy Beef &amp; Bean Chili,product
salty,flavor
bitterness,flavor
not bitter,flavor
sweet,flavor
astringent,flavor
strawberry flavor,flavor
wheat fragrance,flavor
autumn fragrance,flavor
milk flavor,flavor
caramel,flavor
vanilla,flavor
sour,flavor
buttery,flavor
floral,flavor
fruity,flavor
aromatic,flavor
citrus,flavor
vegetarian,persona
mom,persona
pregnant woman,persona
allergy sufferer,persona
alcoholic,persona
single mother,persona
vegan,persona
cat lover,persona
dog lover,persona
book lover,persona
college student,persona
social worker,persona
animal lover,persona
mother,persona
proud dad,persona
traveller,persona
stay at home mom,persona
teacher,persona
health practitioner,persona
office worker,persona
an old woman,persona
young girl,persona
new parent,persona
dad,persona
young boy,persona
baby,persona
20 year vegetarian,persona
gluten free,persona
lactose intolerant,persona
breakfast,meal
lunch,meal
dinner,meal
snack,meal
dessert,meal
brunch,meal
party,meal
appetizer,meal
on-the-go,occasionConsumption
before going to bed,occasionConsumption
before exercise,occasionConsumption
business trip,occasionConsumption
midnight snack,occasionConsumption
afternoon tea,occasionConsumption
morning,occasionTime
night,occasionTime
weekend,occasionTime
autumn,occasionTime
afternoon,occasionTime
winter,occasionTime
summer,occasionTime
spring,occasionTime
evening,occasionTime
Christmas,occasionTime
Halloween,occasionTime
new year's eve,occasionTime
